{
  "timestamp": "20241204_143808",
  "total_combinations": 27,
  "best_parameters": {
    "vague_threshold": 0.5,
    "debit_adjustment": 0.2,
    "probability_threshold": 0.6,
    "precision": 1.0,
    "recall": 0.54640522875817,
    "f1": 0.7058201058201057,
    "std_dev": 0.03339626209113122
  },
  "parameter_ranges": {
    "vague_threshold": [
      0.3,
      0.4,
      0.5
    ],
    "debit_adjustment": [
      0.2,
      0.3,
      0.4
    ],
    "probability_threshold": [
      0.5,
      0.6,
      0.7
    ]
  }
}