{
  "timestamp": "20241205_195804",
  "total_combinations": 135,
  "best_parameters": {
    "debit_adjustment": 0.1,
    "probability_threshold": 0.4,
    "max_tokens": 1000.0,
    "batch_size": 50.0,
    "precision": 1.0,
    "recall": 0.9416376811594203,
    "f1": 0.9694449373952481,
    "std_dev": 0.02270270753519078
  },
  "parameter_ranges": {
    "debit_adjustment": [
      0.1,
      0.2,
      0.3,
      0.4,
      0.5
    ],
    "probability_threshold": [
      0.4,
      0.5,
      0.6
    ],
    "max_tokens": [
      500,
      750,
      1000
    ],
    "batch_size": [
      50,
      75,
      100
    ]
  }
}