{
  "timestamp": "20241205_121902",
  "total_combinations": 25,
  "best_parameters": {
    "debit_adjustment": 0.2,
    "probability_threshold": 0.7,
    "batch_size": 200.0,
    "precision": 1.0,
    "recall": 0.22219887955182074,
    "f1": 0.3554753484501768,
    "std_dev": 0.11273446056501019
  },
  "parameter_ranges": {
    "debit_adjustment": [
      0.1,
      0.2,
      0.3,
      0.4,
      0.5
    ],
    "probability_threshold": [
      0.4,
      0.5,
      0.6,
      0.7,
      0.8
    ],
    "batch_size": [
      200
    ]
  }
}