{
  "timestamp": "20241204_150814",
  "total_combinations": 20,
  "best_parameters": {
    "debit_adjustment": 0.5,
    "probability_threshold": 0.5,
    "batch_size": 10.0,
    "precision": 1.0,
    "recall": 0.6143790849673203,
    "f1": 0.7587228607918263,
    "std_dev": 0.055215346807263754
  },
  "parameter_ranges": {
    "debit_adjustment": [
      0.1,
      0.2,
      0.3,
      0.4,
      0.5
    ],
    "probability_threshold": [
      0.5,
      0.6,
      0.7,
      0.8
    ],
    "batch_size": [
      10
    ]
  }
}